Day,Temperature Day,Pressure Day,Wind Day,Temperature Night,Pressure Night,Wind Night
2008-01-10,-20,765,В 2м/с,-22,765,В 2м/с
2008-01-11,-20,764,Ш,-24,764,Ш
2008-01-12,-20,762,З 2м/с,-20,761,З 2м/с
2008-01-13,-9,756,ЮЗ 3м/с,-7,754,ЮЗ 3м/с
2008-01-14,-6,751,ЮЗ 2м/с,-4,752,ЮЗ 2м/с
2008-01-15,-1,753,З 1м/с,-2,754,З 1м/с
2008-01-16,-1,759,Ш,-2,762,Ш
2008-01-17,-4,765,Ю 3м/с,-4,765,Ю 3м/с
2008-01-18,-8,765,Ю 1м/с,-10,765,Ю 1м/с
2008-01-19,-9,765,Ш,-12,765,Ш
2008-01-20,-9,762,Ю 3м/с,-14,762,Ю 3м/с
2008-01-21,-15,759,В 2м/с,-17,759,В 2м/с
2008-01-22,-13,753,В 4м/с,-11,751,В 4м/с
2008-01-23,-9,751,Ю 3м/с,-9,751,Ю 3м/с
2008-01-24,-11,750,В 3м/с,-10,751,В 3м/с
2008-01-25,-8,753,В 1м/с,-10,751,В 1м/с
2008-01-26,-4,742,Ю 2м/с,-3,741,Ю 2м/с
2008-01-27,-1,735,В 2м/с,-2,735,В 2м/с
2008-01-28,-1,741,ЮВ 3м/с,-3,744,ЮВ 3м/с
2008-01-29,-4,749,Ю 1м/с,-5,750,Ю 1м/с
2008-01-30,-6,753,С 1м/с,-5,753,С 1м/с
2008-01-31,-7,753,В 1м/с,-11,753,В 1м/с
2008-02-10,-11,753,ЮВ 1м/с,-14,753,ЮВ 1м/с
2008-02-11,-12,756,В 1м/с,-11,758,В 1м/с
2008-02-12,-6,756,В 1м/с,-5,754,В 1м/с
2008-02-13,-3,756,З 4м/с,-2,754,З 4м/с
2008-02-14,-1,759,З 1м/с,-9,760,З 1м/с
2008-02-15,-6,760,З 2м/с,-9,761,З 2м/с
2008-02-16,-8,765,Ш,-6,767,Ш
2008-02-17,-10,773,В 2м/с,-15,773,В 2м/с
2008-02-18,-14,774,ЮЗ 3м/с,-18,772,ЮЗ 3м/с
2008-02-19,-12,762,ЮЗ 3м/с,-11,762,ЮЗ 3м/с
2008-02-20,-3,760,ЮЗ 1м/с,-3,762,ЮЗ 1м/с
2008-02-21,-5,763,ЮЗ 1м/с,-7,763,ЮЗ 1м/с
2008-02-22,-4,758,ЮЗ 4м/с,-6,755,ЮЗ 4м/с
2008-02-23,-6,746,ЮЗ 4м/с,-9,744,ЮЗ 4м/с
2008-02-24,-13,744,В 2м/с,-13,741,В 2м/с
2008-02-25,-10,741,ЮЗ 2м/с,-17,744,ЮЗ 2м/с
2008-02-26,-11,750,З 2м/с,-16,753,З 2м/с
2008-02-27,-14,751,ЮЗ 3м/с,-15,750,ЮЗ 3м/с
2008-02-28,-13,746,ЮВ 2м/с,-14,744,ЮВ 2м/с
2008-02-29,-8,735,СЗ 2м/с,-13,735,СЗ 2м/с
2008-02-30,-8,740,СЗ 4м/с,-10,744,СЗ 4м/с
2008-02-31,-7,750,З 3м/с,-8,746,З 3м/с
2008-02-32,+1,734,ЮЗ 4м/с,+1,732,ЮЗ 4м/с
2008-02-33,+3,739,ЮЗ 3м/с,+1,741,ЮЗ 3м/с
2008-02-34,0,741,ЮЗ 4м/с,+1,738,ЮЗ 4м/с
2008-02-35,0,728,ЮЗ 3м/с,+1,735,ЮЗ 3м/с
2008-02-36,+2,744,З 3м/с,0,745,З 3м/с
2008-02-37,+2,741,ЮЗ 3м/с,+1,740,ЮЗ 3м/с
2008-02-38,+2,738,ЮЗ 3м/с,+1,740,ЮЗ 3м/с
2008-03-10,+3,743,Ю 3м/с,+2,742,Ю 3м/с
2008-03-11,+2,738,В 3м/с,+3,737,В 3м/с
2008-03-12,+2,736,Ю 2м/с,+1,738,Ю 2м/с
2008-03-13,+1,735,В 1м/с,0,735,В 1м/с
2008-03-14,+1,744,З 3м/с,-1,748,З 3м/с
2008-03-15,+1,750,ЮЗ 5м/с,-1,751,ЮЗ 5м/с
2008-03-16,+2,747,ЮЗ 4м/с,0,744,ЮЗ 4м/с
2008-03-17,+2,742,З 2м/с,0,746,З 2м/с
2008-03-18,+1,753,С 2м/с,-3,754,С 2м/с
2008-03-19,-2,752,СВ 3м/с,-4,752,СВ 3м/с
2008-03-20,0,752,С 2м/с,-4,752,С 2м/с
2008-03-21,0,751,ЮВ 2м/с,-3,750,ЮВ 2м/с
2008-03-22,+3,746,Ю 2м/с,-1,746,Ю 2м/с
2008-03-23,+4,744,Ш,-1,744,Ш
2008-03-24,+4,741,В 1м/с,+1,741,В 1м/с
2008-03-25,0,738,В 1м/с,-1,744,В 1м/с
2008-03-26,+2,735,ЮЗ 3м/с,+1,737,ЮЗ 3м/с
2008-03-27,0,737,В 2м/с,+1,735,В 2м/с
2008-03-28,+4,741,ЮВ 1м/с,+2,738,ЮВ 1м/с
2008-03-29,+4,746,ЮЗ 4м/с,+2,740,ЮЗ 4м/с
2008-03-30,+5,741,ЮЗ 4м/с,+3,740,ЮЗ 4м/с
2008-03-31,+2,738,З 1м/с,+1,742,З 1м/с
2008-03-32,+3,748,Ю 1м/с,+2,748,Ю 1м/с
2008-03-33,+4,745,ЮВ 2м/с,+2,747,ЮВ 2м/с
2008-03-34,+10,744,В 2м/с,+5,742,В 2м/с
2008-03-35,+15,738,В 3м/с,+10,741,В 3м/с
2008-03-36,+12,746,ЮЗ 2м/с,+10,747,ЮЗ 2м/с
2008-03-37,+8,756,З 2м/с,+5,758,З 2м/с
2008-03-38,+9,759,С 2м/с,+5,759,С 2м/с
2008-03-39,+7,754,С 4м/с,+5,753,С 4м/с
2008-03-40,+10,753,С 2м/с,+5,753,С 2м/с
2008-04-10,+11,752,СВ 4м/с,+5,752,СВ 4м/с
2008-04-11,+10,749,СВ 3м/с,+6,749,СВ 3м/с
2008-04-12,+15,748,СВ 4м/с,+10,749,СВ 4м/с
2008-04-13,+17,746,СВ 2м/с,+11,747,СВ 2м/с
2008-04-14,+17,747,В 2м/с,+14,748,В 2м/с
2008-04-15,+20,753,ЮЗ 2м/с,+16,753,ЮЗ 2м/с
2008-04-16,+20,755,Ю 3м/с,+16,756,Ю 3м/с
2008-04-17,+19,755,Ю 3м/с,+14,754,Ю 3м/с
2008-04-18,+20,753,Ю 3м/с,+15,753,Ю 3м/с
2008-04-19,+21,752,Ю 2м/с,+17,752,Ю 2м/с
2008-04-20,+22,750,Ю 3м/с,+14,750,Ю 3м/с
2008-04-21,+21,747,ЮЗ 2м/с,+17,747,ЮЗ 2м/с
2008-04-22,+20,747,С 2м/с,+13,748,С 2м/с
2008-04-23,+9,743,В 4м/с,+5,740,В 4м/с
2008-04-24,+8,747,В 3м/с,+3,752,В 3м/с
2008-04-25,+8,758,В 2м/с,+5,759,В 2м/с
2008-04-26,+11,759,ЮВ 3м/с,+7,758,ЮВ 3м/с
2008-04-27,+12,756,ЮВ 4м/с,+9,754,ЮВ 4м/с
2008-04-28,+12,753,ЮВ 2м/с,+10,751,ЮВ 2м/с
2008-04-29,+15,748,З 2м/с,+10,748,З 2м/с
2008-04-30,+19,746,Ю 2м/с,+14,746,Ю 2м/с
2008-04-31,+18,742,З 2м/с,+13,742,З 2м/с
2008-04-32,+9,746,СЗ 3м/с,+9,747,СЗ 3м/с
2008-04-33,+4,742,С 2м/с,+5,744,С 2м/с
2008-04-34,+13,750,ЮЗ 3м/с,+11,752,ЮЗ 3м/с
2008-04-35,+16,752,ЮЗ 3м/с,+10,753,ЮЗ 3м/с
2008-04-36,+14,755,СЗ 4м/с,+8,753,СЗ 4м/с
2008-04-37,+15,752,З 1м/с,+9,752,З 1м/с
2008-04-38,+17,752,СЗ 2м/с,+12,753,СЗ 2м/с
2008-04-39,+20,754,З 2м/с,+15,755,З 2м/с
2008-05-10,+21,752,З 2м/с,+16,750,З 2м/с
2008-05-11,+14,751,СВ 4м/с,+8,753,СВ 4м/с
2008-05-12,+13,754,С 4м/с,+9,754,С 4м/с
2008-05-13,+15,755,СВ 2м/с,+8,754,СВ 2м/с
2008-05-14,+17,752,З 1м/с,+11,751,З 1м/с
2008-05-15,+19,746,З 2м/с,+14,744,З 2м/с
2008-05-16,+20,742,З 2м/с,+16,743,З 2м/с
2008-05-17,+20,741,С 3м/с,+15,743,С 3м/с
2008-05-18,+19,746,З 2м/с,+12,748,З 2м/с
2008-05-19,+20,751,З 2м/с,+14,752,З 2м/с
2008-05-20,+24,748,В 3м/с,+19,748,В 3м/с
2008-05-21,+24,745,С 2м/с,+15,745,С 2м/с
2008-05-22,+21,744,ЮЗ 3м/с,+15,744,ЮЗ 3м/с
2008-05-23,+12,738,В 1м/с,+11,736,В 1м/с
2008-05-24,+10,741,ЮЗ 4м/с,+7,744,ЮЗ 4м/с
2008-05-25,+13,749,З 3м/с,+11,750,З 3м/с
2008-05-26,+21,749,ЮЗ 3м/с,+18,749,ЮЗ 3м/с
2008-05-27,+22,751,З 1м/с,+18,752,З 1м/с
2008-05-28,+27,752,ЮЗ 3м/с,+21,752,ЮЗ 3м/с
2008-05-29,+29,752,ЮЗ 2м/с,+21,751,ЮЗ 2м/с
2008-05-30,+29,750,ЮЗ 1м/с,+21,750,ЮЗ 1м/с
2008-05-31,+29,748,ЮЗ 1м/с,+19,748,ЮЗ 1м/с
2008-05-32,+18,751,С 4м/с,+17,752,С 4м/с
2008-05-33,+20,748,В 2м/с,+22,745,В 2м/с
2008-05-34,+25,744,З 2м/с,+20,743,З 2м/с
2008-05-35,+22,739,СЗ 2м/с,+16,741,СЗ 2м/с
2008-05-36,+17,744,С 2м/с,+15,744,С 2м/с
2008-05-37,+10,742,С 3м/с,+9,741,С 3м/с
2008-05-38,+11,738,СЗ 2м/с,+10,739,СЗ 2м/с
2008-05-39,+19,740,З 2м/с,+13,741,З 2м/с
2008-05-40,+12,740,СВ 1м/с,+12,740,СВ 1м/с
2008-06-10,+16,742,З 2м/с,+11,744,З 2м/с
2008-06-11,+13,747,З 1м/с,+11,748,З 1м/с
2008-06-12,+19,747,Ш,+12,748,Ш
2008-06-13,+19,746,З 1м/с,+16,746,З 1м/с
2008-06-14,+16,739,ЮЗ 3м/с,+12,740,ЮЗ 3м/с
2008-06-15,+14,743,СЗ 3м/с,+11,743,СЗ 3м/с
2008-06-16,+12,744,С 3м/с,+8,746,С 3м/с
2008-06-17,+9,749,С 3м/с,+7,749,С 3м/с
2008-06-18,+14,748,ЮЗ 4м/с,+14,746,ЮЗ 4м/с
2008-06-19,+21,741,ЮЗ 4м/с,+16,741,ЮЗ 4м/с
2008-06-20,+20,746,ЮЗ 2м/с,+16,745,ЮЗ 2м/с
2008-06-21,+28,747,З 2м/с,+23,746,З 2м/с
2008-06-22,+27,747,В 1м/с,+22,745,В 1м/с
2008-06-23,+26,745,С 1м/с,+22,744,С 1м/с
2008-06-24,+27,744,С 3м/с,+23,744,С 3м/с
2008-06-25,+30,745,ЮВ 1м/с,+24,745,ЮВ 1м/с
2008-06-26,+25,746,Ш,+22,744,Ш
2008-06-27,+27,744,З 1м/с,+23,744,З 1м/с
2008-06-28,+27,745,С 1м/с,+22,746,С 1м/с
2008-06-29,+23,747,СВ 3м/с,+21,748,СВ 3м/с
2008-06-30,+26,747,СВ 3м/с,+23,746,СВ 3м/с
2008-06-31,+31,742,В 3м/с,+26,741,В 3м/с
2008-06-32,+25,741,ЮЗ 2м/с,+21,741,ЮЗ 2м/с
2008-06-33,+22,740,СВ 2м/с,+20,739,СВ 2м/с
2008-06-34,+17,738,В 1м/с,+17,738,В 1м/с
2008-06-35,+20,740,З 2м/с,+15,742,З 2м/с
2008-06-36,+20,745,СЗ 3м/с,+15,746,СЗ 3м/с
2008-06-37,+23,747,СЗ 2м/с,+16,747,СЗ 2м/с
2008-06-38,+21,744,ЮЗ 2м/с,+16,744,ЮЗ 2м/с
2008-06-39,+21,739,В 1м/с,+19,738,В 1м/с
2008-07-10,+19,738,З 1м/с,+17,738,З 1м/с
2008-07-11,+21,738,Ш,+18,738,Ш
2008-07-12,+21,738,С 2м/с,+19,738,С 2м/с
2008-07-13,+23,739,СВ 2м/с,+19,739,СВ 2м/с
2008-07-14,+24,738,В 2м/с,+18,738,В 2м/с
2008-07-15,+27,741,ЮВ 1м/с,+24,741,ЮВ 1м/с
2008-07-16,+28,743,Ю 3м/с,+21,744,Ю 3м/с
2008-07-17,+24,746,СВ 1м/с,+23,744,СВ 1м/с
2008-07-18,+26,743,С 2м/с,+22,743,С 2м/с
2008-07-19,+26,744,Ю 3м/с,+22,743,Ю 3м/с
2008-07-20,+28,744,ЮЗ 2м/с,+24,744,ЮЗ 2м/с
2008-07-21,+21,742,Ю 2м/с,+19,742,Ю 2м/с
2008-07-22,+23,744,СЗ 2м/с,+18,745,СЗ 2м/с
2008-07-23,+27,748,З 2м/с,+23,748,З 2м/с
2008-07-24,+30,748,СЗ 2м/с,+25,747,СЗ 2м/с
2008-07-25,+32,746,С 1м/с,+24,745,С 1м/с
2008-07-26,+32,746,С 2м/с,+27,747,С 2м/с
2008-07-27,+31,748,В 3м/с,+25,747,В 3м/с
2008-07-28,+31,747,В 2м/с,+22,746,В 2м/с
2008-07-29,+31,744,В 1м/с,+28,744,В 1м/с
2008-07-30,+25,747,Ю 1м/с,+22,747,Ю 1м/с
2008-07-31,+28,748,С 2м/с,+24,748,С 2м/с
2008-07-32,+32,749,СВ 1м/с,+27,750,СВ 1м/с
2008-07-33,+31,749,В 1м/с,+24,748,В 1м/с
2008-07-34,+27,746,С 2м/с,+22,746,С 2м/с
2008-07-35,+26,745,С 1м/с,+22,745,С 1м/с
2008-07-36,+22,744,Ш,+20,744,Ш
2008-07-37,+15,741,СВ 3м/с,+15,741,СВ 3м/с
2008-07-38,+24,744,З 1м/с,+16,744,З 1м/с
2008-07-39,+21,747,ЮЗ 4м/с,+17,747,ЮЗ 4м/с
2008-07-40,+23,749,З 2м/с,+16,750,З 2м/с
2008-08-10,+23,750,ЮЗ 2м/с,+15,750,ЮЗ 2м/с
2008-08-11,+24,747,ЮЗ 1м/с,+17,747,ЮЗ 1м/с
2008-08-12,+25,747,З 3м/с,+19,747,З 3м/с
2008-08-13,+23,742,С 2м/с,+20,742,С 2м/с
2008-08-14,+24,744,З 2м/с,+21,741,З 2м/с
2008-08-15,+21,738,ЮЗ 3м/с,+19,736,ЮЗ 3м/с
2008-08-16,+17,736,СЗ 1м/с,+12,738,СЗ 1м/с
2008-08-17,+13,743,ЮЗ 3м/с,+12,746,ЮЗ 3м/с
2008-08-18,+20,748,З 2м/с,+15,748,З 2м/с
2008-08-19,+23,749,З 3м/с,+20,748,З 3м/с
2008-08-20,+30,749,ЮЗ 3м/с,+20,749,ЮЗ 3м/с
2008-08-21,+31,750,З 1м/с,+22,749,З 1м/с
2008-08-22,+33,751,З 1м/с,+22,751,З 1м/с
2008-08-23,+33,751,ЮЗ 1м/с,+23,750,ЮЗ 1м/с
2008-08-24,+33,750,З 1м/с,+23,750,З 1м/с
2008-08-25,+35,750,Ш,+28,750,Ш
2008-08-26,+32,752,С 2м/с,+26,751,С 2м/с
2008-08-27,+32,752,Ш,+23,750,Ш
2008-08-28,+33,747,Ю 1м/с,+24,746,Ю 1м/с
2008-08-29,+35,744,Ю 1м/с,+27,744,Ю 1м/с
2008-08-30,+23,747,СЗ 2м/с,,,
2008-08-31,+27,746,Ю 1м/с,+19,744,Ю 1м/с
2008-08-32,+25,747,З 1м/с,+18,747,З 1м/с
2008-08-33,+27,750,З 2м/с,+21,750,З 2м/с
2008-08-34,+28,750,ЮВ 2м/с,+23,749,ЮВ 2м/с
2008-08-35,+30,746,ЮЗ 3м/с,,,
2008-08-36,+22,740,ЮЗ 5м/с,+18,741,ЮЗ 5м/с
2008-08-37,+19,744,З 3м/с,+15,746,З 3м/с
2008-08-38,+25,744,ЮЗ 3м/с,+22,743,ЮЗ 3м/с
2008-08-39,+24,740,Ю 4м/с,+23,738,Ю 4м/с
2008-08-40,+18,733,ЮЗ 5м/с,+13,735,ЮЗ 5м/с
2008-09-10,+13,741,З 3м/с,+9,745,З 3м/с
2008-09-11,+15,749,З 5м/с,+13,748,З 5м/с
2008-09-12,+14,751,З 2м/с,+15,751,З 2м/с
2008-09-13,+20,753,З 2м/с,+16,753,З 2м/с
2008-09-14,+26,753,З 3м/с,+17,752,З 3м/с
2008-09-15,+29,753,ЮЗ 2м/с,+19,753,ЮЗ 2м/с
2008-09-16,+30,753,Ю 2м/с,+19,751,Ю 2м/с
2008-09-17,+29,748,ЮЗ 3м/с,+22,747,ЮЗ 3м/с
2008-09-18,+29,744,ЮЗ 2м/с,+18,744,ЮЗ 2м/с
2008-09-19,+18,747,С 2м/с,+10,748,С 2м/с
2008-09-20,+16,747,В 3м/с,+13,745,В 3м/с
2008-09-21,+13,741,В 3м/с,+13,739,В 3м/с
2008-09-22,+15,741,ЮЗ 1м/с,+12,741,ЮЗ 1м/с
2008-09-23,+15,742,Ю 1м/с,+13,743,Ю 1м/с
2008-09-24,+11,734,В 2м/с,+11,735,В 2м/с
2008-09-25,+8,746,С 3м/с,+7,749,С 3м/с
2008-09-26,+10,753,С 2м/с,+7,755,С 2м/с
2008-09-27,+12,757,СЗ 2м/с,+10,758,СЗ 2м/с
2008-09-28,+14,760,В 1м/с,+11,760,В 1м/с
2008-09-29,+14,762,СВ 2м/с,+10,762,СВ 2м/с
2008-09-30,+14,763,В 2м/с,+10,763,В 2м/с
2008-09-31,+15,762,В 2м/с,+9,761,В 2м/с
2008-09-32,+15,759,В 2м/с,+10,759,В 2м/с
2008-09-33,+15,757,В 1м/с,+11,756,В 1м/с
2008-09-34,+13,753,Ш,+10,753,Ш
2008-09-35,+10,751,С 3м/с,+6,752,С 3м/с
2008-09-36,+6,753,С 2м/с,+3,752,С 2м/с
2008-09-37,+7,752,ЮВ 1м/с,+5,751,ЮВ 1м/с
2008-09-38,+14,747,ЮЗ 4м/с,+12,748,ЮЗ 4м/с
2008-09-39,+14,749,ЮЗ 3м/с,+12,750,ЮЗ 3м/с
2008-10-10,+15,752,Ю 2м/с,+10,753,Ю 2м/с
2008-10-11,+17,753,Ю 1м/с,+11,753,Ю 1м/с
2008-10-12,+20,754,ЮЗ 3м/с,+15,755,ЮЗ 3м/с
2008-10-13,+21,756,Ю 2м/с,+14,757,Ю 2м/с
2008-10-14,+21,756,Ю 2м/с,+15,756,Ю 2м/с
2008-10-15,+21,755,Ш,+15,755,Ш
2008-10-16,+21,752,Ш,+14,752,Ш
2008-10-17,+21,748,З 1м/с,+15,747,З 1м/с
2008-10-18,+9,746,С 3м/с,+7,747,С 3м/с
2008-10-19,+6,752,З 3м/с,+3,753,З 3м/с
2008-10-20,+5,753,Ш,+5,753,Ш
2008-10-21,+7,744,ЮЗ 4м/с,+8,741,ЮЗ 4м/с
2008-10-22,+12,741,З 2м/с,+9,741,З 2м/с
2008-10-23,+12,745,З 4м/с,+8,747,З 4м/с
2008-10-24,+13,742,ЮЗ 4м/с,+11,742,ЮЗ 4м/с
2008-10-25,+10,749,СЗ 2м/с,+5,750,СЗ 2м/с
2008-10-26,+11,752,ЮЗ 1м/с,+9,752,ЮЗ 1м/с
2008-10-27,+10,753,Ю 2м/с,+8,751,Ю 2м/с
2008-10-28,+7,749,ЮЗ 2м/с,+7,750,ЮЗ 2м/с
2008-10-29,+8,747,Ю 2м/с,+6,744,Ю 2м/с
2008-10-30,+8,748,С 2м/с,+6,751,С 2м/с
2008-10-31,+9,756,З 2м/с,+7,756,З 2м/с
2008-10-32,+11,756,З 2м/с,+8,756,З 2м/с
2008-10-33,+11,756,З 3м/с,+7,757,З 3м/с
2008-10-34,+8,762,С 2м/с,+4,763,С 2м/с
2008-10-35,+9,762,Ш,+5,762,Ш
2008-10-36,+9,758,ЮЗ 3м/с,+5,758,ЮЗ 3м/с
2008-10-37,+8,759,ЮЗ 2м/с,+5,759,ЮЗ 2м/с
2008-10-38,+9,760,ЮЗ 2м/с,+6,760,ЮЗ 2м/с
2008-10-39,+11,762,ЮЗ 1м/с,+7,762,ЮЗ 1м/с
2008-10-40,+13,762,Ю 1м/с,+8,761,Ю 1м/с
2008-11-10,+13,759,ЮЗ 3м/с,+8,758,ЮЗ 3м/с
2008-11-11,+11,754,Ю 2м/с,+9,751,Ю 2м/с
2008-11-12,+6,749,СЗ 2м/с,+3,751,СЗ 2м/с
2008-11-13,+4,751,З 4м/с,+2,753,З 4м/с
2008-11-14,+6,746,Ю 4м/с,+4,743,Ю 4м/с
2008-11-15,+2,743,СЗ 2м/с,+1,745,СЗ 2м/с
2008-11-16,-1,754,С 2м/с,-1,756,С 2м/с
2008-11-17,-1,755,СЗ 2м/с,+1,758,СЗ 2м/с
2008-11-18,+2,762,З 2м/с,+1,760,З 2м/с
2008-11-19,+5,757,З 4м/с,+3,758,З 4м/с
2008-11-20,+4,759,З 2м/с,+4,759,З 2м/с
2008-11-21,+7,758,З 3м/с,+3,759,З 3м/с
2008-11-22,+7,761,ЮЗ 2м/с,+3,761,ЮЗ 2м/с
2008-11-23,+4,760,Ш,+1,759,Ш
2008-11-24,+6,753,В 2м/с,+4,751,В 2м/с
2008-11-25,+4,748,Ю 2м/с,+5,750,Ю 2м/с
2008-11-26,+6,746,ЮЗ 2м/с,+5,747,ЮЗ 2м/с
2008-11-27,+7,745,Ю 5м/с,+7,746,Ю 5м/с
2008-11-28,+1,744,ЮЗ 5м/с,+1,745,ЮЗ 5м/с
2008-11-29,0,741,ЮЗ 3м/с,0,740,ЮЗ 3м/с
2008-11-30,+4,735,ЮЗ 4м/с,+5,736,ЮЗ 4м/с
2008-11-31,+7,743,Ю 3м/с,+9,744,Ю 3м/с
2008-11-32,+10,743,В 4м/с,+8,743,В 4м/с
2008-11-33,+4,752,В 1м/с,+1,753,В 1м/с
2008-11-34,+1,759,ЮЗ 2м/с,0,758,ЮЗ 2м/с
2008-11-35,0,749,ЮВ 2м/с,+1,744,ЮВ 2м/с
2008-11-36,+1,743,З 1м/с,-1,744,З 1м/с
2008-11-37,+1,753,ЮЗ 3м/с,+1,756,ЮЗ 3м/с
2008-11-38,+2,760,ЮЗ 2м/с,+2,761,ЮЗ 2м/с
2008-11-39,+2,764,Ш,+2,764,Ш
2008-12-10,+3,765,СВ 2м/с,0,765,СВ 2м/с
2008-12-11,+1,762,В 3м/с,0,762,В 3м/с
2008-12-12,+1,762,В 2м/с,+1,763,В 2м/с
2008-12-13,0,760,Ю 2м/с,0,759,Ю 2м/с
2008-12-14,+2,758,З 1м/с,+2,756,З 1м/с
2008-12-15,+2,754,Ю 3м/с,+3,754,Ю 3м/с
2008-12-16,+4,753,Ю 2м/с,+4,753,Ю 2м/с
2008-12-17,+5,750,В 2м/с,+2,750,В 2м/с
2008-12-18,+3,751,В 2м/с,+1,750,В 2м/с
2008-12-19,0,753,В 1м/с,0,754,В 1м/с
2008-12-20,0,759,Ш,0,761,Ш
2008-12-21,0,761,С 2м/с,-2,760,С 2м/с
2008-12-22,-3,754,З 3м/с,-3,755,З 3м/с
2008-12-23,-4,759,С 3м/с,-6,762,С 3м/с
2008-12-24,-8,761,СЗ 1м/с,-8,759,СЗ 1м/с
2008-12-25,-9,759,С 2м/с,-9,759,С 2м/с
2008-12-26,-7,763,СВ 2м/с,-9,765,СВ 2м/с
2008-12-27,-10,766,Ш,-13,766,Ш
2008-12-28,-13,765,Ш,-14,765,Ш
2008-12-29,-13,765,Ш,-14,764,Ш
2008-12-30,-12,763,Ш,-16,763,Ш
2008-12-31,-11,762,Ш,-12,761,Ш
2008-12-32,-12,761,В 1м/с,-12,761,В 1м/с
2008-12-33,-9,760,В 3м/с,-10,760,В 3м/с
2008-12-34,-9,763,В 3м/с,-8,765,В 3м/с
2008-12-35,-8,768,Ш,-11,768,Ш
2008-12-36,-9,762,З 1м/с,-12,759,З 1м/с
2008-12-37,-8,752,ЮЗ 2м/с,-10,751,ЮЗ 2м/с
2008-12-38,-8,753,Ш,-8,755,Ш
2008-12-39,-8,759,ЮЗ 2м/с,-10,759,ЮЗ 2м/с
2008-12-40,-8,756,Ю 2м/с,-12,755,Ю 2м/с
2009-01-10,-10,747,Ю 2м/с,-12,744,Ю 2м/с
2009-01-11,-8,740,Ю 2м/с,-9,741,Ю 2м/с
2009-01-12,-14,745,З 2м/с,-16,747,З 2м/с
2009-01-13,-16,747,В 2м/с,-13,745,В 2м/с
2009-01-14,-12,748,ЮВ 1м/с,-13,748,ЮВ 1м/с
2009-01-15,-15,748,З 1м/с,-18,750,З 1м/с
2009-01-16,-16,751,З 2м/с,-16,753,З 2м/с
2009-01-17,-15,756,Ю 2м/с,-17,756,Ю 2м/с
2009-01-18,-13,745,ЮВ 2м/с,-13,744,ЮВ 2м/с
2009-01-19,-16,747,В 2м/с,-16,747,В 2м/с
2009-01-20,-20,750,С 3м/с,-22,750,С 3м/с
2009-01-21,-18,751,З 1м/с,-20,751,З 1м/с
2009-01-22,-16,749,Ю 2м/с,-12,746,Ю 2м/с
2009-01-23,-4,746,ЮЗ 3м/с,-6,749,ЮЗ 3м/с
2009-01-24,-2,753,ЮЗ 1м/с,-2,753,ЮЗ 1м/с
2009-01-25,-5,748,Ю 2м/с,-2,750,Ю 2м/с
2009-01-26,-4,757,С 3м/с,-5,758,С 3м/с
2009-01-27,-7,756,В 5м/с,-7,753,В 5м/с
2009-01-28,-5,753,Ш,-8,753,Ш
2009-01-29,-7,753,Ю 2м/с,-7,755,Ю 2м/с
2009-01-30,-5,759,Ш,-5,761,Ш
2009-01-31,-7,763,ЮЗ 1м/с,-8,763,ЮЗ 1м/с
2009-01-32,-7,759,Ю 3м/с,-11,758,Ю 3м/с
2009-01-33,-7,753,В 3м/с,-8,753,В 3м/с
2009-01-34,-4,754,Ю 1м/с,-8,754,Ю 1м/с
2009-01-35,-6,756,В 1м/с,-8,756,В 1м/с
2009-01-36,-4,755,В 1м/с,-8,755,В 1м/с
2009-01-37,-5,754,ЮЗ 1м/с,-9,753,ЮЗ 1м/с
2009-01-38,-7,751,Ш,-12,751,Ш
2009-01-39,-9,751,В 2м/с,-10,753,В 2м/с
2009-01-40,-8,753,В 2м/с,-8,753,В 2м/с
2009-02-10,-6,753,СЗ 1м/с,-10,754,СЗ 1м/с
2009-02-11,-8,754,З 1м/с,-11,752,З 1м/с
2009-02-12,-8,747,З 2м/с,-11,749,З 2м/с
2009-02-13,-8,748,ЮЗ 4м/с,-11,753,ЮЗ 4м/с
2009-02-14,-5,741,З 3м/с,-4,742,З 3м/с
2009-02-15,-7,744,В 2м/с,-11,744,В 2м/с
2009-02-16,-17,747,СЗ 2м/с,-18,750,СЗ 2м/с
2009-02-17,-11,753,Ш,-10,754,Ш
2009-02-18,-6,756,ЮЗ 2м/с,-12,756,ЮЗ 2м/с
2009-02-19,-8,755,В 2м/с,-11,755,В 2м/с
2009-02-20,-4,754,В 3м/с,-7,753,В 3м/с
2009-02-21,-5,754,ЮВ 2м/с,-5,754,ЮВ 2м/с
2009-02-22,-5,751,ЮВ 3м/с,-7,751,ЮВ 3м/с
2009-02-23,-2,756,Ш,-3,756,Ш
2009-02-24,-2,756,В 2м/с,-5,756,В 2м/с
2009-02-25,-2,756,В 3м/с,-7,756,В 3м/с
2009-02-26,-3,756,В 2м/с,-4,756,В 2м/с
2009-02-27,-3,755,В 1м/с,-7,756,В 1м/с
2009-02-28,-3,756,В 2м/с,-4,756,В 2м/с
2009-02-29,-3,762,В 3м/с,-9,765,В 3м/с
2009-02-30,-8,767,В 3м/с,-11,765,В 3м/с
2009-02-31,-8,761,В 3м/с,-12,761,В 3м/с
2009-02-32,-7,759,В 1м/с,-9,760,В 1м/с
2009-02-33,-4,760,В 1м/с,-8,760,В 1м/с
2009-02-34,-5,757,В 2м/с,-10,756,В 2м/с
2009-02-35,-5,754,ЮВ 1м/с,-7,753,ЮВ 1м/с
2009-02-36,-5,753,ЮВ 2м/с,-5,753,ЮВ 2м/с
2009-02-37,-3,750,В 3м/с,-4,749,В 3м/с
2009-03-10,+1,745,В 4м/с,-3,745,В 4м/с
2009-03-11,-1,742,В 5м/с,-2,741,В 5м/с
2009-03-12,-1,750,Ю 1м/с,-5,751,Ю 1м/с
2009-03-13,+1,750,СЗ 2м/с,-5,750,СЗ 2м/с
2009-03-14,0,751,Ш,-5,752,Ш
2009-03-15,-2,751,Ш,-6,753,Ш
2009-03-16,-2,756,СВ 1м/с,-5,756,СВ 1м/с
2009-03-17,-3,757,В 2м/с,-6,756,В 2м/с
2009-03-18,-3,751,В 5м/с,-4,748,В 5м/с
2009-03-19,+1,741,ЮЗ 2м/с,0,744,ЮЗ 2м/с
2009-03-20,+1,747,Ю 3м/с,0,748,Ю 3м/с
2009-03-21,+1,747,В 1м/с,0,744,В 1м/с
2009-03-22,0,750,З 3м/с,-2,751,З 3м/с
2009-03-23,-1,751,С 2м/с,-6,753,С 2м/с
2009-03-24,-2,755,С 2м/с,-6,755,С 2м/с
2009-03-25,+2,757,С 2м/с,-5,756,С 2м/с
2009-03-26,+1,753,З 1м/с,-4,753,З 1м/с
2009-03-27,+2,752,З 1м/с,-4,753,З 1м/с
2009-03-28,+1,756,Ш,-3,756,Ш
2009-03-29,+2,753,З 1м/с,-3,753,З 1м/с
2009-03-30,+3,745,Ю 2м/с,-1,742,Ю 2м/с
2009-03-31,+1,727,Ю 3м/с,0,731,Ю 3м/с
2009-03-32,-1,737,ЮЗ 3м/с,-5,741,ЮЗ 3м/с
2009-03-33,-1,744,В 3м/с,-3,741,В 3м/с
2009-03-34,+5,741,СЗ 1м/с,-1,743,СЗ 1м/с
2009-03-35,+7,743,В 2м/с,+4,744,В 2м/с
2009-03-36,+3,750,Ш,+1,751,Ш
2009-03-37,+12,754,ЮВ 1м/с,+8,755,ЮВ 1м/с
2009-03-38,+11,759,ЮВ 1м/с,+9,759,ЮВ 1м/с
2009-03-39,+16,761,ЮВ 1м/с,+11,759,ЮВ 1м/с
2009-03-40,+16,756,ЮЗ 4м/с,+11,756,ЮЗ 4м/с
2009-04-10,+16,749,ЮЗ 4м/с,+12,747,ЮЗ 4м/с
2009-04-11,+6,741,ЮЗ 2м/с,+3,740,ЮЗ 2м/с
2009-04-12,+1,741,СЗ 4м/с,0,743,СЗ 4м/с
2009-04-13,+1,740,СВ 1м/с,0,742,СВ 1м/с
2009-04-14,+2,747,СЗ 3м/с,-1,748,СЗ 3м/с
2009-04-15,+4,747,ЮЗ 1м/с,+2,746,ЮЗ 1м/с
2009-04-16,+4,738,З 4м/с,+1,744,З 4м/с
2009-04-17,+1,751,СЗ 3м/с,-2,753,СЗ 3м/с
2009-04-18,0,755,С 3м/с,-2,756,С 3м/с
2009-04-19,+2,755,С 4м/с,-1,756,С 4м/с
2009-04-20,+6,753,С 5м/с,+2,754,С 5м/с
2009-04-21,+7,755,СЗ 3м/с,+3,756,СЗ 3м/с
2009-04-22,+9,752,СЗ 2м/с,+5,751,СЗ 2м/с
2009-04-23,+9,751,Ю 1м/с,+6,750,Ю 1м/с
2009-04-24,+12,750,Ю 3м/с,+8,749,Ю 3м/с
2009-04-25,+14,748,ЮЗ 4м/с,+10,747,ЮЗ 4м/с
2009-04-26,+3,750,СВ 3м/с,0,750,СВ 3м/с
2009-04-27,+16,742,Ю 7м/с,+14,741,Ю 7м/с
2009-04-28,+2,741,Ш,+2,741,Ш
2009-04-29,+3,738,С 3м/с,+1,740,С 3м/с
2009-04-30,+4,738,СЗ 2м/с,0,738,СЗ 2м/с
2009-04-31,0,742,З 2м/с,-2,744,З 2м/с
2009-04-32,+4,744,З 3м/с,+3,746,З 3м/с
2009-04-33,+9,750,ЮЗ 2м/с,+7,749,ЮЗ 2м/с
2009-04-34,+8,749,С 4м/с,+7,749,С 4м/с
2009-04-35,+10,750,СЗ 2м/с,+6,752,СЗ 2м/с
2009-04-36,+21,747,З 3м/с,+15,747,З 3м/с
2009-04-37,+23,750,З 2м/с,+19,749,З 2м/с
2009-04-38,+24,746,ЮЗ 5м/с,+17,745,ЮЗ 5м/с
2009-04-39,+26,743,ЮЗ 2м/с,+20,742,ЮЗ 2м/с
2009-05-10,+12,743,С 3м/с,+6,745,С 3м/с
2009-05-11,+13,749,С 3м/с,+10,750,С 3м/с
2009-05-12,+19,749,СЗ 3м/с,+13,750,СЗ 3м/с
2009-05-13,+21,749,ЮЗ 4м/с,+18,750,ЮЗ 4м/с
2009-05-14,+24,749,ЮЗ 2м/с,+17,750,ЮЗ 2м/с
2009-05-15,+23,750,Ю 2м/с,+19,749,Ю 2м/с
2009-05-16,+22,745,ЮВ 4м/с,+18,744,ЮВ 4м/с
2009-05-17,+25,743,В 1м/с,+18,744,В 1м/с
2009-05-18,+20,743,В 3м/с,+16,744,В 3м/с
2009-05-19,+24,747,С 2м/с,+17,750,С 2м/с
2009-05-20,+24,750,З 3м/с,+16,750,З 3м/с
2009-05-21,+21,750,ЮВ 1м/с,+15,750,ЮВ 1м/с
2009-05-22,+21,744,В 2м/с,+15,743,В 2м/с
2009-05-23,+19,743,ЮЗ 2м/с,+15,744,ЮЗ 2м/с
2009-05-24,+15,744,З 3м/с,+11,744,З 3м/с
2009-05-25,+12,743,З 3м/с,+9,743,З 3м/с
2009-05-26,+10,747,З 2м/с,+8,748,З 2м/с
2009-05-27,+11,750,ЮЗ 2м/с,+9,749,ЮЗ 2м/с
2009-05-28,+12,746,СЗ 3м/с,+11,745,СЗ 3м/с
2009-05-29,+19,747,С 3м/с,+14,748,С 3м/с
2009-05-30,+16,747,З 4м/с,+11,747,З 4м/с
2009-05-31,+16,751,С 2м/с,+10,753,С 2м/с
2009-05-32,+17,751,Ю 2м/с,+14,750,Ю 2м/с
2009-05-33,+23,744,Ю 4м/с,+17,744,Ю 4м/с
2009-05-34,+11,738,ЮВ 4м/с,+13,741,ЮВ 4м/с
2009-05-35,+18,743,ЮЗ 2м/с,+13,744,ЮЗ 2м/с
2009-05-36,+22,747,С 2м/с,+17,749,С 2м/с
2009-05-37,+24,751,ЮЗ 1м/с,+16,752,ЮЗ 1м/с
2009-05-38,+25,753,В 2м/с,+22,753,В 2м/с
2009-05-39,+28,750,СЗ 2м/с,+22,750,СЗ 2м/с
2009-05-40,+23,749,С 4м/с,+18,750,С 4м/с
2009-06-10,+22,751,С 3м/с,+19,749,С 3м/с
2009-06-11,+27,746,З 4м/с,+23,745,З 4м/с
2009-06-12,+28,746,ЮЗ 5м/с,+24,745,ЮЗ 5м/с
2009-06-13,+30,744,Ю 5м/с,+26,744,Ю 5м/с
2009-06-14,+26,745,СЗ 2м/с,+24,745,СЗ 2м/с
2009-06-15,+28,743,С 2м/с,+22,744,С 2м/с
2009-06-16,+24,747,З 2м/с,+16,750,З 2м/с
2009-06-17,+25,751,ЮЗ 3м/с,+25,751,ЮЗ 3м/с
2009-06-18,+30,752,З 2м/с,+19,753,З 2м/с
2009-06-19,+26,754,СЗ 2м/с,+19,756,СЗ 2м/с
2009-06-20,+28,753,З 2м/с,+28,753,З 2м/с
2009-06-21,+31,752,Ш,+27,752,Ш
2009-06-22,+35,750,В 2м/с,+26,750,В 2м/с
2009-06-23,+35,750,З 2м/с,+29,750,З 2м/с
2009-06-24,+36,748,ЮВ 2м/с,+26,748,ЮВ 2м/с
2009-06-25,+34,747,В 3м/с,+24,748,В 3м/с
2009-06-26,+29,750,З 3м/с,+24,750,З 3м/с
2009-06-27,+28,747,Ю 2м/с,+21,747,Ю 2м/с
2009-06-28,+19,749,СЗ 3м/с,+17,750,СЗ 3м/с
2009-06-29,+23,752,З 2м/с,+20,751,З 2м/с
2009-06-30,+30,752,ЮЗ 2м/с,+23,752,ЮЗ 2м/с
2009-06-31,+31,753,З 1м/с,+24,753,З 1м/с
2009-06-32,+27,753,В 2м/с,+20,754,В 2м/с
2009-06-33,+23,754,СВ 2м/с,+20,754,СВ 2м/с
2009-06-34,+23,754,В 2м/с,+20,753,В 2м/с
2009-06-35,+26,753,С 3м/с,+20,753,С 3м/с
2009-06-36,+25,755,СВ 2м/с,+20,756,СВ 2м/с
2009-06-37,+27,754,З 3м/с,+21,753,З 3м/с
2009-06-38,+28,747,З 5м/с,+20,747,З 5м/с
2009-06-39,+21,751,С 2м/с,+15,753,С 2м/с
2009-07-10,+20,752,СЗ 3м/с,+16,752,СЗ 3м/с
2009-07-11,+24,747,СЗ 3м/с,+19,744,СЗ 3м/с
2009-07-12,+25,737,З 4м/с,+16,737,З 4м/с
2009-07-13,+20,728,В 2м/с,+16,733,В 2м/с
2009-07-14,+18,737,СЗ 2м/с,+14,738,СЗ 2м/с
2009-07-15,+18,737,В 1м/с,+15,736,В 1м/с
2009-07-16,+14,738,З 3м/с,+12,742,З 3м/с
2009-07-17,+22,748,СЗ 4м/с,+16,750,СЗ 4м/с
2009-07-18,+25,749,ЮЗ 2м/с,+18,748,ЮЗ 2м/с
2009-07-19,+21,747,Ш,+19,747,Ш
2009-07-20,+28,747,СЗ 1м/с,+22,747,СЗ 1м/с
2009-07-21,+29,748,СВ 2м/с,+24,748,СВ 2м/с
2009-07-22,+29,748,З 2м/с,+25,747,З 2м/с
2009-07-23,+31,748,В 2м/с,+25,748,В 2м/с
2009-07-24,+32,748,С 2м/с,+27,749,С 2м/с
2009-07-25,+29,749,С 2м/с,+23,750,С 2м/с
2009-07-26,+29,749,З 1м/с,+23,747,З 1м/с
2009-07-27,+31,745,З 3м/с,+25,746,З 3м/с
2009-07-28,+31,745,СЗ 2м/с,+24,745,СЗ 2м/с
2009-07-29,+30,746,С 3м/с,+24,746,С 3м/с
2009-07-30,+31,747,В 2м/с,+27,746,В 2м/с
2009-07-31,+27,742,СВ 2м/с,+23,743,СВ 2м/с
2009-07-32,+20,746,З 1м/с,+19,746,З 1м/с
2009-07-33,+26,747,ЮЗ 4м/с,+19,747,ЮЗ 4м/с
2009-07-34,+27,746,З 2м/с,+22,745,З 2м/с
2009-07-35,+30,745,СЗ 2м/с,+25,745,СЗ 2м/с
2009-07-36,+30,746,Ю 2м/с,+26,747,Ю 2м/с
2009-07-37,+30,747,ЮВ 1м/с,+23,746,ЮВ 1м/с
2009-07-38,+33,745,СВ 1м/с,+28,746,СВ 1м/с
2009-07-39,+29,745,ЮЗ 1м/с,+24,744,ЮЗ 1м/с
2009-07-40,+24,742,В 1м/с,+21,742,В 1м/с
2009-08-10,+27,743,СЗ 2м/с,+22,744,СЗ 2м/с
2009-08-11,+25,746,СВ 2м/с,+20,746,СВ 2м/с
2009-08-12,+26,747,З 1м/с,+19,747,З 1м/с
2009-08-13,+29,746,З 2м/с,+23,744,З 2м/с
2009-08-14,+24,741,СВ 1м/с,+19,740,СВ 1м/с
2009-08-15,+20,742,С 4м/с,+14,745,С 4м/с
2009-08-16,+19,745,С 3м/с,+16,746,С 3м/с
2009-08-17,+16,746,СЗ 1м/с,+14,747,СЗ 1м/с
2009-08-18,+16,747,З 1м/с,+12,749,З 1м/с
2009-08-19,+20,747,З 2м/с,+18,747,З 2м/с
2009-08-20,+25,748,З 2м/с,+20,749,З 2м/с
2009-08-21,+28,750,В 1м/с,+22,750,В 1м/с
2009-08-22,+21,749,ЮВ 1м/с,+18,747,ЮВ 1м/с
2009-08-23,+19,744,З 3м/с,+20,744,З 3м/с
2009-08-24,+23,745,З 4м/с,+19,744,З 4м/с
2009-08-25,+23,744,З 3м/с,+16,745,З 3м/с
2009-08-26,+23,747,З 3м/с,+19,748,З 3м/с
2009-08-27,+29,748,ЮЗ 4м/с,+20,748,ЮЗ 4м/с
2009-08-28,+31,748,З 1м/с,+26,748,З 1м/с
2009-08-29,+25,747,Ю 2м/с,+18,747,Ю 2м/с
2009-08-30,+25,743,С 2м/с,+19,741,С 2м/с
2009-08-31,+15,745,В 1м/с,+15,745,В 1м/с
2009-08-32,+20,742,ЮЗ 2м/с,+15,742,ЮЗ 2м/с
2009-08-33,+20,746,С 2м/с,+15,748,С 2м/с
2009-08-34,+21,747,С 2м/с,+14,747,С 2м/с
2009-08-35,+22,744,З 2м/с,+17,745,З 2м/с
2009-08-36,+23,746,С 2м/с,+17,747,С 2м/с
2009-08-37,+21,747,З 1м/с,+16,747,З 1м/с
2009-08-38,+23,745,З 2м/с,+19,744,З 2м/с
2009-08-39,+21,747,СЗ 1м/с,+17,748,СЗ 1м/с
2009-08-40,+23,751,СВ 2м/с,+17,753,СВ 2м/с
2009-09-10,+23,757,В 1м/с,+16,758,В 1м/с
2009-09-11,+26,756,С 1м/с,+16,756,С 1м/с
2009-09-12,+27,756,З 2м/с,+19,756,З 2м/с
2009-09-13,+27,756,В 2м/с,+22,756,В 2м/с
2009-09-14,+26,755,В 2м/с,+22,755,В 2м/с
2009-09-15,+28,755,В 1м/с,+23,756,В 1м/с
2009-09-16,+28,757,В 2м/с,+18,758,В 2м/с
2009-09-17,+28,758,З 1м/с,+18,759,З 1м/с
2009-09-18,+26,757,СЗ 2м/с,+18,756,СЗ 2м/с
2009-09-19,+19,752,СЗ 3м/с,+17,751,СЗ 3м/с
2009-09-20,+24,749,Ш,+21,750,Ш
2009-09-21,+21,749,В 1м/с,+17,750,В 1м/с
2009-09-22,+21,750,СВ 2м/с,+19,750,СВ 2м/с
2009-09-23,+25,750,В 1м/с,+20,751,В 1м/с
2009-09-24,+21,750,С 1м/с,+15,751,С 1м/с
2009-09-25,+17,752,С 2м/с,+13,753,С 2м/с
2009-09-26,+17,753,ЮВ 1м/с,+15,750,ЮВ 1м/с
2009-09-27,+15,747,Ю 2м/с,+15,746,Ю 2м/с
2009-09-28,+13,747,В 1м/с,+7,748,В 1м/с
2009-09-29,+14,750,СЗ 3м/с,+6,750,СЗ 3м/с
2009-09-30,+14,753,Ш,+8,752,Ш
2009-09-31,+18,749,ЮЗ 3м/с,+16,749,ЮЗ 3м/с
2009-09-32,+18,744,ЮЗ 2м/с,+13,744,ЮЗ 2м/с
2009-09-33,+17,741,З 2м/с,+16,741,З 2м/с
2009-09-34,+13,744,Ю 1м/с,+9,744,Ю 1м/с
2009-09-35,+13,744,Ш,+10,747,Ш
2009-09-36,+17,751,З 2м/с,+10,752,З 2м/с
2009-09-37,+15,750,ЮЗ 2м/с,+14,749,ЮЗ 2м/с
2009-09-38,+13,747,ЮЗ 3м/с,+16,744,ЮЗ 3м/с
2009-09-39,+13,741,В 2м/с,+13,741,В 2м/с
2009-10-10,+9,744,С 2м/с,+4,747,С 2м/с
2009-10-11,+12,746,Ю 5м/с,+11,744,Ю 5м/с
2009-10-12,+11,748,ЮЗ 3м/с,+7,749,ЮЗ 3м/с
2009-10-13,+12,753,С 1м/с,+8,754,С 1м/с
2009-10-14,+11,748,Ю 2м/с,+8,744,Ю 2м/с
2009-10-15,+12,744,З 5м/с,+7,746,З 5м/с
2009-10-16,+8,752,СЗ 2м/с,+7,754,СЗ 2м/с
2009-10-17,+11,754,ЮЗ 3м/с,+11,753,ЮЗ 3м/с
2009-10-18,+17,749,ЮЗ 6м/с,+12,747,ЮЗ 6м/с
2009-10-19,+9,751,СЗ 3м/с,+2,755,СЗ 3м/с
2009-10-20,+10,757,З 2м/с,+4,758,З 2м/с
2009-10-21,+10,756,ЮВ 3м/с,+6,756,ЮВ 3м/с
2009-10-22,+18,753,Ю 2м/с,+13,753,Ю 2м/с
2009-10-23,+20,754,ЮВ 2м/с,+14,755,ЮВ 2м/с
2009-10-24,+19,757,Ю 2м/с,+13,758,Ю 2м/с
2009-10-25,+17,758,З 1м/с,+14,759,З 1м/с
2009-10-26,+18,756,Ю 2м/с,+13,756,Ю 2м/с
2009-10-27,+18,756,Ю 1м/с,+15,757,Ю 1м/с
2009-10-28,+21,756,Ю 2м/с,+17,756,Ю 2м/с
2009-10-29,+17,756,З 1м/с,+10,756,З 1м/с
2009-10-30,+10,757,СВ 1м/с,+8,758,СВ 1м/с
2009-10-31,+11,760,В 2м/с,+5,763,В 2м/с
2009-10-32,+7,759,В 2м/с,+6,756,В 2м/с
2009-10-33,+6,749,Ш,+7,747,Ш
2009-10-34,+3,753,С 4м/с,-1,758,С 4м/с
2009-10-35,+2,762,Ш,-2,762,Ш
2009-10-36,+3,757,ЮЗ 2м/с,+2,755,ЮЗ 2м/с
2009-10-37,+6,751,Ю 3м/с,+2,750,Ю 3м/с
2009-10-38,+3,743,ЮВ 2м/с,+4,742,ЮВ 2м/с
2009-10-39,+6,742,ЮЗ 3м/с,+3,744,ЮЗ 3м/с
2009-10-40,+1,749,З 3м/с,0,750,З 3м/с
2009-11-10,0,750,З 3м/с,-2,751,З 3м/с
2009-11-11,-1,753,СВ 2м/с,-3,754,СВ 2м/с
2009-11-12,-3,754,С 2м/с,-6,754,С 2м/с
2009-11-13,-4,754,СВ 2м/с,-3,754,СВ 2м/с
2009-11-14,-3,757,СВ 1м/с,-2,759,СВ 1м/с
2009-11-15,0,761,СВ 1м/с,0,762,СВ 1м/с
2009-11-16,-3,763,В 1м/с,-3,764,В 1м/с
2009-11-17,-1,765,С 2м/с,-2,765,С 2м/с
2009-11-18,-1,760,ЮЗ 3м/с,-1,759,ЮЗ 3м/с
2009-11-19,+1,759,Ш,+1,759,Ш
2009-11-20,0,759,В 2м/с,-1,758,В 2м/с
2009-11-21,+3,758,ЮВ 2м/с,0,759,ЮВ 2м/с
2009-11-22,+4,761,В 3м/с,0,764,В 3м/с
2009-11-23,+2,764,В 3м/с,0,765,В 3м/с
2009-11-24,+1,762,В 2м/с,-2,762,В 2м/с
2009-11-25,+1,759,В 3м/с,-1,759,В 3м/с
2009-11-26,0,757,В 4м/с,-2,757,В 4м/с
2009-11-27,-1,757,Ш,-2,756,Ш
2009-11-28,0,750,ЮВ 2м/с,+1,749,ЮВ 2м/с
2009-11-29,+1,747,В 1м/с,+1,746,В 1м/с
2009-11-30,+1,747,СЗ 1м/с,0,746,СЗ 1м/с
2009-11-31,0,738,ЮВ 2м/с,0,737,ЮВ 2м/с
2009-11-32,+1,744,Ш,+1,747,Ш
2009-11-33,+1,750,ЮЗ 2м/с,+1,748,ЮЗ 2м/с
2009-11-34,+3,747,Ю 2м/с,+2,746,Ю 2м/с
2009-11-35,+3,745,Ю 1м/с,+3,747,Ю 1м/с
2009-11-36,+4,748,ЮЗ 2м/с,+4,749,ЮЗ 2м/с
2009-11-37,+5,751,ЮЗ 1м/с,+5,753,ЮЗ 1м/с
2009-11-38,+7,752,ЮЗ 2м/с,+5,752,ЮЗ 2м/с
2009-11-39,+3,753,Ю 2м/с,+4,753,Ю 2м/с
2009-12-10,+3,758,СЗ 1м/с,+1,761,СЗ 1м/с
2009-12-11,+1,762,Ю 2м/с,+1,761,Ю 2м/с
2009-12-12,+1,755,З 4м/с,+1,753,З 4м/с
2009-12-13,0,752,З 3м/с,0,753,З 3м/с
2009-12-14,-3,759,СВ 3м/с,-5,759,СВ 3м/с
2009-12-15,-8,763,С 1м/с,-12,765,С 1м/с
2009-12-16,-12,766,В 2м/с,-12,766,В 2м/с
2009-12-17,-9,765,З 3м/с,-10,764,З 3м/с
2009-12-18,-8,760,З 3м/с,-9,759,З 3м/с
2009-12-19,-7,761,Ш,-9,762,Ш
2009-12-20,-10,762,В 1м/с,-12,761,В 1м/с
2009-12-21,-10,758,В 2м/с,-10,756,В 2м/с
2009-12-22,-9,747,В 1м/с,-9,744,В 1м/с
2009-12-23,-11,747,С 1м/с,-19,750,С 1м/с
2009-12-24,-23,754,С 2м/с,-25,753,С 2м/с
2009-12-25,-24,755,СЗ 1м/с,-28,758,СЗ 1м/с
2009-12-26,-25,761,Ш,-26,761,Ш
2009-12-27,-22,755,Ш,-20,753,Ш
2009-12-28,-13,751,СВ 2м/с,-16,752,СВ 2м/с
2009-12-29,-15,755,СВ 1м/с,-16,756,СВ 1м/с
2009-12-30,-11,755,В 3м/с,-8,753,В 3м/с
2009-12-31,-7,753,ЮВ 1м/с,-6,756,ЮВ 1м/с
2009-12-32,-12,764,Ш,-14,764,Ш
2009-12-33,-9,761,Ю 3м/с,-8,759,Ю 3м/с
2009-12-34,-4,756,Ю 3м/с,-4,755,Ю 3м/с
2009-12-35,-3,752,Ш,-3,750,Ш
2009-12-36,-2,740,ЮВ 5м/с,-1,737,ЮВ 5м/с
2009-12-37,+1,744,ЮЗ 4м/с,-1,753,ЮЗ 4м/с
2009-12-38,-2,742,В 2м/с,0,739,В 2м/с
2009-12-39,-2,741,ЮВ 2м/с,-1,741,ЮВ 2м/с
2009-12-40,-2,746,ЮВ 2м/с,-4,745,ЮВ 2м/с
2010-01-10,-4,745,В 3м/с,-1,742,В 3м/с
2010-01-11,-5,743,В 2м/с,-6,741,В 2м/с
2010-01-12,-3,734,В 1м/с,0,734,В 1м/с
2010-01-13,-17,743,СЗ 2м/с,-21,747,СЗ 2м/с
2010-01-14,-19,757,С 1м/с,-21,759,С 1м/с
2010-01-15,-18,763,Ш,-22,764,Ш
2010-01-16,-17,767,СЗ 2м/с,-21,767,СЗ 2м/с
2010-01-17,-20,766,В 2м/с,-17,764,В 2м/с
2010-01-18,-8,761,Ю 1м/с,-8,760,Ю 1м/с
2010-01-19,-12,760,Ш,-16,760,Ш
2010-01-20,-14,756,ЮЗ 1м/с,-12,756,ЮЗ 1м/с
2010-01-21,-11,752,ЮЗ 2м/с,-12,750,ЮЗ 2м/с
2010-01-22,-7,747,З 3м/с,-7,748,З 3м/с
2010-01-23,-8,751,СЗ 2м/с,-12,755,СЗ 2м/с
2010-01-24,-14,761,Ш,-16,761,Ш
2010-01-25,-17,768,Ш,-20,771,Ш
2010-01-26,-17,774,Ш,-22,774,Ш
2010-01-27,-18,770,З 2м/с,-21,770,З 2м/с
2010-01-28,-17,769,В 1м/с,-19,769,В 1м/с
2010-01-29,-17,770,В 1м/с,-17,770,В 1м/с
2010-01-30,-15,767,Ш,-19,765,Ш
2010-01-31,-20,763,Ш,-26,764,Ш
2010-01-32,-22,762,Ш,-27,762,Ш
2010-01-33,-19,761,Ш,-21,760,Ш
2010-01-34,-14,761,В 2м/с,-13,761,В 2м/с
2010-01-35,-7,761,В 4м/с,-10,764,В 4м/с
2010-01-36,-12,762,В 3м/с,-15,759,В 3м/с
2010-01-37,-14,749,В 2м/с,-16,747,В 2м/с
2010-01-38,-15,748,В 1м/с,-20,750,В 1м/с
2010-01-39,-16,750,В 4м/с,-12,750,В 4м/с
2010-01-40,-7,757,В 1м/с,-7,758,В 1м/с
2010-02-10,-5,758,ЮВ 3м/с,-6,759,ЮВ 3м/с
2010-02-11,-7,759,В 3м/с,-9,760,В 3м/с
2010-02-12,-11,764,В 3м/с,-14,766,В 3м/с
2010-02-13,-9,772,В 2м/с,-12,773,В 2м/с
2010-02-14,-9,770,Ш,-13,768,Ш
2010-02-15,-10,767,СЗ 1м/с,-16,767,СЗ 1м/с
2010-02-16,-11,767,З 1м/с,-16,767,З 1м/с
2010-02-17,-13,767,В 2м/с,-15,767,В 2м/с
2010-02-18,-14,770,В 4м/с,-16,770,В 4м/с
2010-02-19,-15,774,ЮВ 2м/с,-18,775,ЮВ 2м/с
2010-02-20,-16,776,ЮВ 2м/с,-19,776,ЮВ 2м/с
2010-02-21,-12,776,В 1м/с,-16,776,В 1м/с
2010-02-22,-10,773,З 1м/с,-15,770,З 1м/с
2010-02-23,-10,764,В 3м/с,-13,761,В 3м/с
2010-02-24,-10,752,ЮВ 3м/с,-9,749,ЮВ 3м/с
2010-02-25,-7,740,В 2м/с,-7,736,В 2м/с
2010-02-26,-6,740,СЗ 4м/с,-10,743,СЗ 4м/с
2010-02-27,-9,751,З 1м/с,-14,751,З 1м/с
2010-02-28,-11,746,З 3м/с,-12,748,З 3м/с
2010-02-29,-4,745,З 2м/с,-8,746,З 2м/с
2010-02-30,-12,743,В 3м/с,-12,743,В 3м/с
2010-02-31,-9,743,В 4м/с,-10,743,В 4м/с
2010-02-32,-7,743,В 3м/с,-8,745,В 3м/с
2010-02-33,-5,746,СВ 2м/с,-6,747,СВ 2м/с
2010-02-34,-3,749,Ш,-3,750,Ш
2010-02-35,-3,754,Ш,-5,755,Ш
2010-02-36,-3,755,ЮЗ 2м/с,-7,755,ЮЗ 2м/с
2010-02-37,-6,755,СЗ 2м/с,-10,756,СЗ 2м/с
2010-03-10,-8,758,В 1м/с,-10,758,В 1м/с
2010-03-11,-6,755,В 3м/с,-8,753,В 3м/с
2010-03-12,-4,752,В 1м/с,-5,752,В 1м/с
2010-03-13,-4,750,ЮВ 2м/с,-6,748,ЮВ 2м/с
2010-03-14,0,747,ЮЗ 2м/с,-4,750,ЮЗ 2м/с
2010-03-15,-5,753,В 2м/с,-6,752,В 2м/с
2010-03-16,-4,749,В 2м/с,-4,747,В 2м/с
2010-03-17,-3,740,С 1м/с,-5,742,С 1м/с
2010-03-18,-6,749,СЗ 2м/с,-11,750,СЗ 2м/с
2010-03-19,-4,751,ЮЗ 2м/с,-8,750,ЮЗ 2м/с
2010-03-20,-3,746,З 4м/с,-4,749,З 4м/с
2010-03-21,-1,751,Ю 2м/с,-5,749,Ю 2м/с
2010-03-22,0,737,ЮЗ 4м/с,-1,738,ЮЗ 4м/с
2010-03-23,0,738,З 2м/с,-2,738,З 2м/с
2010-03-24,0,742,ЮЗ 4м/с,-4,744,ЮЗ 4м/с
2010-03-25,+1,738,ЮЗ 3м/с,-4,740,ЮЗ 3м/с
2010-03-26,-5,746,З 3м/с,-7,748,З 3м/с
2010-03-27,-4,754,ЮЗ 2м/с,-10,755,ЮЗ 2м/с
2010-03-28,-7,755,З 4м/с,-11,755,З 4м/с
2010-03-29,-2,746,ЮЗ 2м/с,-4,749,ЮЗ 2м/с
2010-03-30,+3,746,ЮЗ 1м/с,+1,745,ЮЗ 1м/с
2010-03-31,+3,741,З 3м/с,+2,739,З 3м/с
2010-03-32,+2,744,СЗ 4м/с,-3,749,СЗ 4м/с
2010-03-33,+1,749,ЮЗ 4м/с,-1,747,ЮЗ 4м/с
2010-03-34,0,749,С 2м/с,-4,752,С 2м/с
2010-03-35,0,758,СЗ 3м/с,-4,759,СЗ 3м/с
2010-03-36,+1,758,З 5м/с,-2,758,З 5м/с
2010-03-37,+4,758,Ю 2м/с,-1,758,Ю 2м/с
2010-03-38,+5,758,В 2м/с,0,758,В 2м/с
2010-03-39,+5,757,В 2м/с,+2,757,В 2м/с
2010-03-40,+8,757,ЮВ 2м/с,+4,757,ЮВ 2м/с
2010-04-10,+10,757,В 3м/с,+6,758,В 3м/с
2010-04-11,+9,759,ЮВ 2м/с,+5,759,ЮВ 2м/с
2010-04-12,+8,758,С 2м/с,+6,757,С 2м/с
2010-04-13,+12,757,СВ 2м/с,+7,756,СВ 2м/с
2010-04-14,+11,756,СВ 2м/с,+8,755,СВ 2м/с
2010-04-15,+12,755,СВ 3м/с,,,
2010-04-16,+4,759,В 3м/с,+1,760,В 3м/с
2010-04-17,+4,761,В 3м/с,0,761,В 3м/с
2010-04-18,+6,758,В 2м/с,+3,757,В 2м/с
2010-04-19,+9,755,В 3м/с,+5,755,В 3м/с
2010-04-20,+9,754,С 3м/с,+5,753,С 3м/с
2010-04-21,+12,753,СВ 3м/с,+7,753,СВ 3м/с
2010-04-22,+9,752,СЗ 2м/с,+4,752,СЗ 2м/с
2010-04-23,+8,749,СЗ 3м/с,+2,751,СЗ 3м/с
2010-04-24,+11,752,ЮЗ 2м/с,+8,751,ЮЗ 2м/с
2010-04-25,+13,751,З 2м/с,+9,752,З 2м/с
2010-04-26,+17,752,Ю 3м/с,+10,752,Ю 3м/с
2010-04-27,+13,748,ЮЗ 1м/с,+11,750,ЮЗ 1м/с
2010-04-28,+17,749,СЗ 3м/с,+12,750,СЗ 3м/с
2010-04-29,+20,750,ЮЗ 3м/с,+16,751,ЮЗ 3м/с
2010-04-30,+21,751,ЮВ 2м/с,+17,750,ЮВ 2м/с
2010-04-31,+23,747,Ю 4м/с,+19,746,Ю 4м/с
2010-04-32,+18,748,З 4м/с,+13,752,З 4м/с
2010-04-33,+14,758,ЮЗ 3м/с,+10,758,ЮЗ 3м/с
2010-04-34,+17,752,ЮЗ 3м/с,+12,749,ЮЗ 3м/с
2010-04-35,+11,749,С 3м/с,+4,749,С 3м/с
2010-04-36,+5,750,СВ 2м/с,+1,752,СВ 2м/с
2010-04-37,+11,749,СЗ 5м/с,+8,749,СЗ 5м/с
2010-04-38,+15,747,З 4м/с,+10,748,З 4м/с
2010-04-39,+17,751,ЮЗ 2м/с,+14,750,ЮЗ 2м/с
2010-05-10,+17,752,Ю 3м/с,+15,752,Ю 3м/с
2010-05-11,+20,753,З 3м/с,+19,752,З 3м/с
2010-05-12,+21,754,З 2м/с,+21,754,З 2м/с
2010-05-13,+26,755,ЮЗ 3м/с,+18,755,ЮЗ 3м/с
2010-05-14,+28,754,З 1м/с,+19,752,З 1м/с
2010-05-15,+29,752,СЗ 2м/с,+21,752,СЗ 2м/с
2010-05-16,+30,751,З 2м/с,+24,750,З 2м/с
2010-05-17,+27,753,СВ 3м/с,+20,753,СВ 3м/с
2010-05-18,+26,751,В 3м/с,+22,751,В 3м/с
2010-05-19,+24,752,В 4м/с,+19,752,В 4м/с
2010-05-20,+24,755,В 3м/с,+19,756,В 3м/с
2010-05-21,+25,755,ЮВ 2м/с,+21,753,ЮВ 2м/с
2010-05-22,+22,754,ЮВ 2м/с,+18,753,ЮВ 2м/с
2010-05-23,+25,751,ЮВ 6м/с,+16,752,ЮВ 6м/с
2010-05-24,+20,752,В 3м/с,+19,752,В 3м/с
2010-05-25,+26,750,ЮВ 2м/с,+20,749,ЮВ 2м/с
2010-05-26,+26,747,СЗ 1м/с,+23,746,СЗ 1м/с
2010-05-27,+21,746,СВ 2м/с,+17,747,СВ 2м/с
2010-05-28,+22,746,С 2м/с,+16,746,С 2м/с
2010-05-29,+20,749,СВ 4м/с,+15,750,СВ 4м/с
2010-05-30,+18,754,ЮВ 2м/с,+11,753,ЮВ 2м/с
2010-05-31,+21,749,ЮЗ 3м/с,+17,748,ЮЗ 3м/с
2010-05-32,+24,746,З 2м/с,+16,746,З 2м/с
2010-05-33,+26,743,ЮВ 1м/с,+19,743,ЮВ 1м/с
2010-05-34,+24,741,ЮВ 2м/с,+20,740,ЮВ 2м/с
2010-05-35,+19,737,ЮВ 2м/с,+19,737,ЮВ 2м/с
2010-05-36,+15,738,ЮЗ 4м/с,+11,740,ЮЗ 4м/с
2010-05-37,+13,739,ЮЗ 3м/с,+13,741,ЮЗ 3м/с
2010-05-38,+13,747,СЗ 2м/с,+12,749,СЗ 2м/с
2010-05-39,+20,752,В 2м/с,+15,752,В 2м/с
2010-05-40,+23,754,З 2м/с,+20,753,З 2м/с
2010-06-10,+26,754,ЮЗ 2м/с,+22,753,ЮЗ 2м/с
2010-06-11,+28,754,СЗ 1м/с,+23,752,СЗ 1м/с
2010-06-12,+31,740,З 2м/с,+22,749,З 2м/с
2010-06-13,+33,748,ЮЗ 3м/с,+28,746,ЮЗ 3м/с
2010-06-14,+30,743,ЮЗ 2м/с,+26,742,ЮЗ 2м/с
2010-06-15,+20,749,С 2м/с,+14,749,С 2м/с
2010-06-16,+22,750,СЗ 2м/с,+16,749,СЗ 2м/с
2010-06-17,+25,748,ЮЗ 2м/с,+18,747,ЮЗ 2м/с
2010-06-18,+29,746,ЮЗ 3м/с,+23,744,ЮЗ 3м/с
2010-06-19,+19,748,СВ 2м/с,+16,748,СВ 2м/с
2010-06-20,+22,749,С 1м/с,+17,750,С 1м/с
2010-06-21,+27,749,З 4м/с,+26,747,З 4м/с
2010-06-22,+34,745,З 4м/с,+31,744,З 4м/с
2010-06-23,+24,744,СЗ 1м/с,+24,745,СЗ 1м/с
2010-06-24,+27,748,С 3м/с,+22,747,С 3м/с
2010-06-25,+29,745,С 1м/с,+23,743,С 1м/с
2010-06-26,+27,740,СЗ 3м/с,+20,740,СЗ 3м/с
2010-06-27,+22,743,СЗ 2м/с,+19,745,СЗ 2м/с
2010-06-28,+20,748,С 3м/с,+17,751,С 3м/с
2010-06-29,+25,754,С 2м/с,+21,755,С 2м/с
2010-06-30,+26,755,С 2м/с,+19,755,С 2м/с
2010-06-31,+28,753,С 2м/с,+24,752,С 2м/с
2010-06-32,+32,750,В 2м/с,+27,749,В 2м/с
2010-06-33,+33,749,З 2м/с,+23,748,З 2м/с
2010-06-34,+35,749,СЗ 1м/с,+25,748,СЗ 1м/с
2010-06-35,+35,749,З 2м/с,+29,749,З 2м/с
2010-06-36,+36,750,В 1м/с,+29,750,В 1м/с
2010-06-37,+36,747,В 2м/с,+28,749,В 2м/с
2010-06-38,+30,747,С 3м/с,+28,747,С 3м/с
2010-06-39,+25,748,В 1м/с,+21,748,В 1м/с
2010-07-10,+27,749,В 2м/с,+23,749,В 2м/с
2010-07-11,+27,750,ЮВ 2м/с,+21,749,ЮВ 2м/с
2010-07-12,+29,749,В 3м/с,+26,748,В 3м/с
2010-07-13,+30,746,СЗ 2м/с,+25,746,СЗ 2м/с
2010-07-14,+31,746,СВ 3м/с,+25,747,СВ 3м/с
2010-07-15,+30,747,СВ 2м/с,+26,747,СВ 2м/с
2010-07-16,+31,746,В 2м/с,+27,746,В 2м/с
2010-07-17,+32,749,В 2м/с,+25,749,В 2м/с
2010-07-18,+34,749,З 2м/с,+26,749,З 2м/с
2010-07-19,+35,749,З 3м/с,+28,749,З 3м/с
2010-07-20,+36,748,З 2м/с,+29,748,З 2м/с
2010-07-21,+33,746,СВ 3м/с,+29,746,СВ 3м/с
2010-07-22,+27,745,С 3м/с,+22,744,С 3м/с
2010-07-23,+26,745,СВ 4м/с,+22,744,СВ 4м/с
2010-07-24,+26,745,С 3м/с,+26,745,С 3м/с
2010-07-25,+31,746,СВ 5м/с,+28,746,СВ 5м/с
2010-07-26,+35,744,С 3м/с,+30,746,С 3м/с
2010-07-27,+35,745,З 2м/с,+22,746,З 2м/с
2010-07-28,+28,749,В 2м/с,+24,749,В 2м/с
2010-07-29,+29,752,ЮЗ 3м/с,+21,750,ЮЗ 3м/с
2010-07-30,+34,750,ЮЗ 3м/с,+24,749,ЮЗ 3м/с
2010-07-31,+35,750,СВ 1м/с,+30,750,СВ 1м/с
2010-07-32,+35,751,З 2м/с,+27,750,З 2м/с
2010-07-33,+37,749,СВ 1м/с,+32,749,СВ 1м/с
2010-07-34,+36,749,ЮВ 2м/с,+26,750,ЮВ 2м/с
2010-07-35,+38,752,С 2м/с,+31,752,С 2м/с
2010-07-36,+35,754,В 1м/с,+31,754,В 1м/с
2010-07-37,+36,752,СЗ 2м/с,+32,752,СЗ 2м/с
2010-07-38,+38,752,В 2м/с,+32,752,В 2м/с
2010-07-39,+38,751,Ю 1м/с,+32,752,Ю 1м/с
2010-07-40,+38,752,З 1м/с,+31,752,З 1м/с
2010-08-10,+39,752,ЮЗ 2м/с,+32,752,ЮЗ 2м/с
2010-08-11,+40,751,СЗ 2м/с,+29,750,СЗ 2м/с
2010-08-12,+38,749,В 2м/с,+33,749,В 2м/с
2010-08-13,+36,749,СВ 1м/с,+32,749,СВ 1м/с
2010-08-14,+35,752,СВ 1м/с,+29,752,СВ 1м/с
2010-08-15,+36,753,ЮВ 2м/с,+27,753,ЮВ 2м/с
2010-08-16,+37,752,З 1м/с,+26,752,З 1м/с
2010-08-17,+37,751,С 3м/с,+31,751,С 3м/с
2010-08-18,+34,752,СВ 3м/с,+29,752,СВ 3м/с
2010-08-19,+35,752,В 2м/с,+28,752,В 2м/с
2010-08-20,+34,752,ЮЗ 1м/с,+28,753,ЮЗ 1м/с
2010-08-21,+36,752,ЮВ 2м/с,+25,751,ЮВ 2м/с
2010-08-22,+36,751,ЮВ 2м/с,+30,752,ЮВ 2м/с
2010-08-23,+32,752,СВ 3м/с,+25,752,СВ 3м/с
2010-08-24,+27,752,С 3м/с,+23,750,С 3м/с
2010-08-25,+29,749,З 2м/с,+21,747,З 2м/с
2010-08-26,+29,746,СЗ 4м/с,+23,746,СЗ 4м/с
2010-08-27,+29,746,З 3м/с,+27,743,З 3м/с
2010-08-28,+31,739,ЮЗ 4м/с,+26,737,ЮЗ 4м/с
2010-08-29,+27,737,ЮЗ 5м/с,+20,735,ЮЗ 5м/с
2010-08-30,+12,742,С 4м/с,+13,743,С 4м/с
2010-08-31,+18,748,СЗ 3м/с,+14,748,СЗ 3м/с
2010-08-32,+25,743,З 3м/с,+20,742,З 3м/с
2010-08-33,+23,743,З 2м/с,+21,743,З 2м/с
2010-08-34,+27,743,З 3м/с,+26,743,З 3м/с
2010-08-35,+31,741,ЮЗ 1м/с,+21,740,ЮЗ 1м/с
2010-08-36,+23,743,ЮЗ 2м/с,+18,743,ЮЗ 2м/с
2010-08-37,+24,745,З 2м/с,+22,743,З 2м/с
2010-08-38,+32,742,ЮЗ 4м/с,+28,742,ЮЗ 4м/с
2010-08-39,+28,741,СЗ 3м/с,+17,745,СЗ 3м/с
2010-08-40,+20,750,СВ 1м/с,+11,753,СВ 1м/с
2010-09-10,+19,755,В 2м/с,+16,755,В 2м/с
2010-09-11,+29,752,В 6м/с,+23,752,В 6м/с
2010-09-12,+29,750,СВ 2м/с,+24,751,СВ 2м/с
2010-09-13,+23,753,З 2м/с,,,
2010-09-14,+19,753,С 1м/с,+17,752,С 1м/с
2010-09-15,+19,747,С 3м/с,+11,748,С 3м/с
2010-09-16,+13,751,СЗ 4м/с,+9,752,СЗ 4м/с
2010-09-17,+15,755,СЗ 1м/с,+11,754,СЗ 1м/с
2010-09-18,+17,754,СВ 3м/с,+14,754,СВ 3м/с
2010-09-19,+18,755,З 3м/с,+14,755,З 3м/с
2010-09-20,+17,758,СВ 2м/с,+12,757,СВ 2м/с
2010-09-21,+20,755,З 2м/с,+16,754,З 2м/с
2010-09-22,+15,753,В 2м/с,+13,754,В 2м/с
2010-09-23,+17,757,В 2м/с,+11,756,В 2м/с
2010-09-24,+19,757,З 2м/с,+13,755,З 2м/с
2010-09-25,+23,755,З 3м/с,+17,755,З 3м/с
2010-09-26,+25,753,ЮЗ 3м/с,+20,753,ЮЗ 3м/с
2010-09-27,+25,753,Ю 2м/с,+20,752,Ю 2м/с
2010-09-28,+25,752,ЮЗ 3м/с,+21,752,ЮЗ 3м/с
2010-09-29,+26,753,ЮЗ 4м/с,+21,752,ЮЗ 4м/с
2010-09-30,+26,752,З 2м/с,+17,753,З 2м/с
2010-09-31,+24,752,В 2м/с,+21,750,В 2м/с
2010-09-32,+16,747,ЮВ 2м/с,+14,746,ЮВ 2м/с
2010-09-33,+12,746,СЗ 2м/с,+11,747,СЗ 2м/с
2010-09-34,+13,745,С 3м/с,+11,752,С 3м/с
2010-09-35,+19,752,З 2м/с,+12,752,З 2м/с
2010-09-36,+20,750,З 3м/с,+14,750,З 3м/с
2010-09-37,+20,747,ЮЗ 2м/с,+18,745,ЮЗ 2м/с
2010-09-38,+21,740,З 3м/с,+14,740,З 3м/с
2010-09-39,+6,746,СЗ 2м/с,+5,747,СЗ 2м/с
2010-10-10,+7,746,СВ 3м/с,+5,747,СВ 3м/с
2010-10-11,+9,751,СВ 3м/с,+4,753,СВ 3м/с
2010-10-12,+6,758,З 2м/с,+2,760,З 2м/с
2010-10-13,+5,761,СЗ 2м/с,+3,761,СЗ 2м/с
2010-10-14,+3,761,СВ 1м/с,+3,761,СВ 1м/с
2010-10-15,+5,761,СВ 1м/с,+4,761,СВ 1м/с
2010-10-16,+11,760,З 2м/с,+8,760,З 2м/с
2010-10-17,+13,761,СЗ 1м/с,+6,761,СЗ 1м/с
2010-10-18,+14,757,В 1м/с,+5,755,В 1м/с
2010-10-19,+14,751,З 1м/с,+10,750,З 1м/с
2010-10-20,+14,745,Ю 3м/с,+11,744,Ю 3м/с
2010-10-21,+14,736,ЮВ 2м/с,+8,733,ЮВ 2м/с
2010-10-22,+4,732,ЮЗ 3м/с,+4,734,ЮЗ 3м/с
2010-10-23,+2,738,З 4м/с,+3,742,З 4м/с
2010-10-24,+6,745,ЮЗ 3м/с,+5,745,ЮЗ 3м/с
2010-10-25,+10,746,З 3м/с,+3,749,З 3м/с
2010-10-26,+5,753,СЗ 2м/с,+1,755,СЗ 2м/с
2010-10-27,+7,758,З 2м/с,+4,758,З 2м/с
2010-10-28,+5,761,СВ 1м/с,-1,763,СВ 1м/с
2010-10-29,+7,764,ЮВ 2м/с,+2,763,ЮВ 2м/с
2010-10-30,+1,754,В 4м/с,+3,752,В 4м/с
2010-10-31,+6,749,Ю 2м/с,+7,751,Ю 2м/с
2010-10-32,+8,756,ЮЗ 4м/с,+5,758,ЮЗ 4м/с
2010-10-33,+8,760,Ю 1м/с,+4,760,Ю 1м/с
2010-10-34,+8,758,В 1м/с,+5,758,В 1м/с
2010-10-35,+8,758,ЮЗ 2м/с,+5,757,ЮЗ 2м/с
2010-10-36,+8,752,Ю 2м/с,+7,749,Ю 2м/с
2010-10-37,+7,744,В 2м/с,+9,743,В 2м/с
2010-10-38,+3,744,З 3м/с,+1,746,З 3м/с
2010-10-39,+1,749,ЮЗ 2м/с,+1,751,ЮЗ 2м/с
2010-10-40,+1,755,СВ 2м/с,-1,757,СВ 2м/с
2010-11-10,0,755,С 2м/с,-3,754,С 2м/с
2010-11-11,+3,750,З 2м/с,+3,750,З 2м/с
2010-11-12,+6,752,З 1м/с,+6,754,З 1м/с
2010-11-13,+8,750,Ю 2м/с,+8,745,Ю 2м/с
2010-11-14,+8,739,З 3м/с,+6,737,З 3м/с
2010-11-15,+4,735,СЗ 2м/с,+4,738,СЗ 2м/с
2010-11-16,+2,739,СВ 1м/с,+1,743,СВ 1м/с
2010-11-17,+5,754,Ю 1м/с,+4,755,Ю 1м/с
2010-11-18,+3,755,ЮВ 2м/с,+4,755,ЮВ 2м/с
2010-11-19,+7,755,ЮВ 1м/с,+6,755,ЮВ 1м/с
2010-11-20,+8,750,Ю 2м/с,+6,749,Ю 2м/с
2010-11-21,+6,746,Ю 1м/с,+6,746,Ю 1м/с
2010-11-22,+8,740,ЮЗ 3м/с,+9,740,ЮЗ 3м/с
2010-11-23,+9,741,З 4м/с,+8,744,З 4м/с
2010-11-24,+7,754,З 2м/с,+7,755,З 2м/с
2010-11-25,+13,752,З 4м/с,+10,751,З 4м/с
2010-11-26,+9,754,Ш,+7,757,Ш
2010-11-27,+1,766,В 2м/с,-2,767,В 2м/с
2010-11-28,+1,765,В 2м/с,-2,763,В 2м/с
2010-11-29,+1,755,ЮЗ 2м/с,0,755,ЮЗ 2м/с
2010-11-30,-5,758,В 3м/с,-7,757,В 3м/с
2010-11-31,-4,752,Ю 2м/с,-2,750,Ю 2м/с
2010-11-32,0,749,Ш,0,749,Ш
2010-11-33,+2,749,Ю 2м/с,0,749,Ю 2м/с
2010-11-34,+8,743,ЮЗ 3м/с,+7,744,ЮЗ 3м/с
2010-11-35,+3,744,З 3м/с,+1,747,З 3м/с
2010-11-36,-1,746,В 3м/с,0,742,В 3м/с
2010-11-37,-1,740,СЗ 4м/с,-1,743,СЗ 4м/с
2010-11-38,-2,752,З 2м/с,-4,752,З 2м/с
2010-11-39,+1,728,В 4м/с,-2,726,В 4м/с
2010-12-10,-17,741,СЗ 4м/с,-21,746,СЗ 4м/с
2010-12-11,-19,756,СЗ 1м/с,-21,761,СЗ 1м/с
2010-12-12,-16,767,ЮВ 1м/с,-16,767,ЮВ 1м/с
2010-12-13,-7,761,ЮВ 4м/с,-4,758,ЮВ 4м/с
2010-12-14,-2,752,Ю 1м/с,0,750,Ю 1м/с
2010-12-15,0,745,ЮВ 2м/с,+1,745,ЮВ 2м/с
2010-12-16,-6,753,Ш,-5,754,Ш
2010-12-17,-4,753,Ю 2м/с,-4,752,Ю 2м/с
2010-12-18,-1,750,ЮВ 1м/с,-1,750,ЮВ 1м/с
2010-12-19,0,747,В 3м/с,0,746,В 3м/с
2010-12-20,+2,746,В 4м/с,0,748,В 4м/с
2010-12-21,-3,749,В 3м/с,-4,749,В 3м/с
2010-12-22,-3,746,В 4м/с,-3,745,В 4м/с
2010-12-23,-2,745,ЮВ 2м/с,-2,746,ЮВ 2м/с
2010-12-24,-3,749,ЮЗ 2м/с,-2,749,ЮЗ 2м/с
2010-12-25,-5,751,ЮЗ 5м/с,-5,751,ЮЗ 5м/с
2010-12-26,-4,751,Ш,-9,752,Ш
2010-12-27,-11,752,СВ 1м/с,-12,752,СВ 1м/с
2010-12-28,-11,755,В 2м/с,-13,755,В 2м/с
2010-12-29,-12,754,ЮВ 4м/с,-10,754,ЮВ 4м/с
2010-12-30,-5,756,В 3м/с,-3,752,В 3м/с
2010-12-31,-2,753,Ш,-4,753,Ш
2010-12-32,-5,751,Ш,-8,751,Ш
2010-12-33,-10,757,В 1м/с,-11,755,В 1м/с
2010-12-34,-2,750,Ш,+1,749,Ш
2010-12-35,+2,749,ЮВ 1м/с,0,751,ЮВ 1м/с
2010-12-36,+3,749,Ю 1м/с,+3,749,Ю 1м/с
2010-12-37,+1,752,Ш,-4,755,Ш
2010-12-38,-5,760,В 2м/с,-6,761,В 2м/с
2010-12-39,+1,761,В 5м/с,-1,760,В 5м/с
2010-12-40,-2,756,ЮВ 3м/с,-3,756,ЮВ 3м/с
2011-01-10,-6,753,ЮВ 3м/с,-6,753,ЮВ 3м/с
2011-01-11,-6,751,ЮВ 3м/с,-6,752,ЮВ 3м/с
2011-01-12,-8,755,ЮВ 3м/с,-8,758,ЮВ 3м/с
2011-01-13,-11,760,В 2м/с,-15,760,В 2м/с
2011-01-14,-6,756,ЮВ 2м/с,-5,756,ЮВ 2м/с
2011-01-15,-8,764,СВ 1м/с,-9,767,СВ 1м/с
2011-01-16,-12,769,В 1м/с,-13,769,В 1м/с
2011-01-17,-15,767,В 2м/с,-16,766,В 2м/с
2011-01-18,-15,767,ЮВ 1м/с,-18,766,ЮВ 1м/с
2011-01-19,-13,765,З 2м/с,-15,765,З 2м/с
2011-01-20,-12,761,ЮЗ 2м/с,-14,761,ЮЗ 2м/с
2011-01-21,-8,761,З 1м/с,-7,761,З 1м/с
2011-01-22,-11,759,ЮВ 1м/с,-11,758,ЮВ 1м/с
2011-01-23,+10,756,В 3м/с,-10,755,В 3м/с
2011-01-24,-5,755,В 3м/с,-7,755,В 3м/с
2011-01-25,-9,754,В 4м/с,-9,754,В 4м/с
2011-01-26,-9,754,В 5м/с,-11,755,В 5м/с
2011-01-27,-14,756,СВ 3м/с,-14,756,СВ 3м/с
2011-01-28,-13,756,В 2м/с,-14,757,В 2м/с
2011-01-29,-14,758,З 1м/с,-15,758,З 1м/с
2011-01-30,-17,759,С 1м/с,-21,759,С 1м/с
2011-01-31,-16,761,В 2м/с,-18,761,В 2м/с
2011-01-32,-14,759,ЮВ 3м/с,-14,758,ЮВ 3м/с
2011-01-33,-10,749,ЮВ 4м/с,-8,747,ЮВ 4м/с
2011-01-34,-5,749,Ш,-11,752,Ш
2011-01-35,-6,749,В 3м/с,-7,746,В 3м/с
2011-01-36,-5,749,СЗ 1м/с,-11,750,СЗ 1м/с
2011-01-37,-11,750,З 2м/с,-11,749,З 2м/с
2011-01-38,-10,743,З 3м/с,-8,743,З 3м/с
2011-01-39,-7,737,ЮЗ 4м/с,-8,738,ЮЗ 4м/с
2011-01-40,-7,745,З 3м/с,-8,747,З 3м/с
2011-02-10,-10,749,З 1м/с,-12,748,З 1м/с
2011-02-11,-11,747,СЗ 1м/с,-19,749,СЗ 1м/с
2011-02-12,-14,750,ЮЗ 2м/с,-14,750,ЮЗ 2м/с
2011-02-13,-7,748,З 2м/с,-6,747,З 2м/с
2011-02-14,-5,740,Ю 3м/с,-5,737,Ю 3м/с
2011-02-15,-5,728,СВ 2м/с,-6,727,СВ 2м/с
2011-02-16,-5,733,С 4м/с,-8,735,С 4м/с
2011-02-17,-7,741,С 3м/с,-11,741,С 3м/с
2011-02-18,-7,730,В 3м/с,-5,728,В 3м/с
2011-02-19,-7,731,С 1м/с,-12,734,С 1м/с
2011-02-20,-15,740,СЗ 2м/с,-18,743,СЗ 2м/с
2011-02-21,-15,746,В 1м/с,-18,746,В 1м/с
2011-02-22,-11,740,В 5м/с,-10,740,В 5м/с
2011-02-23,-12,737,ЮВ 2м/с,-16,738,ЮВ 2м/с
2011-02-24,-15,738,В 1м/с,-18,740,В 1м/с
2011-02-25,-17,744,СЗ 1м/с,-21,746,СЗ 1м/с
2011-02-26,-19,746,ЮЗ 1м/с,-23,747,ЮЗ 1м/с
2011-02-27,-18,751,СВ 2м/с,-22,752,СВ 2м/с
2011-02-28,-18,752,З 2м/с,-20,752,З 2м/с
2011-02-29,-17,756,ЮВ 1м/с,-25,751,ЮВ 1м/с
2011-02-30,-19,764,СЗ 1м/с,-23,766,СЗ 1м/с
2011-02-31,-16,768,СЗ 3м/с,-20,770,СЗ 3м/с
2011-02-32,-14,773,С 2м/с,-19,773,С 2м/с
2011-02-33,-13,776,ЮВ 1м/с,-18,776,ЮВ 1м/с
2011-02-34,-14,777,ЮВ 1м/с,-19,776,ЮВ 1м/с
2011-02-35,-13,774,В 1м/с,-17,773,В 1м/с
2011-02-36,-13,774,В 1м/с,-17,773,В 1м/с
2011-02-37,-10,774,ЮВ 1м/с,-13,773,ЮВ 1м/с
2011-03-10,-8,747,Ш,-16,765,Ш
2011-03-11,-10,761,З 1м/с,-13,760,З 1м/с
2011-03-12,-10,758,ЮВ 2м/с,-15,758,ЮВ 2м/с
2011-03-13,-12,749,Ю 2м/с,-15,746,Ю 2м/с
2011-03-14,-7,737,ЮЗ 3м/с,-5,731,ЮЗ 3м/с
2011-03-15,0,732,З 7м/с,-4,737,З 7м/с
2011-03-16,-1,749,Ю 1м/с,-4,752,Ю 1м/с
2011-03-17,-2,756,С 2м/с,-5,758,С 2м/с
2011-03-18,-3,761,З 2м/с,-7,761,З 2м/с
2011-03-19,-1,763,СЗ 2м/с,-9,762,СЗ 2м/с
2011-03-20,-3,761,В 2м/с,-5,758,В 2м/с
2011-03-21,-3,750,ЮВ 1м/с,-5,750,ЮВ 1м/с
2011-03-22,-5,755,Ю 1м/с,-8,755,Ю 1м/с
2011-03-23,0,759,С 1м/с,-5,760,С 1м/с
2011-03-24,+1,751,ЮЗ 4м/с,+2,749,ЮЗ 4м/с
2011-03-25,+1,749,С 1м/с,-1,749,С 1м/с
2011-03-26,+1,753,СЗ 1м/с,0,755,СЗ 1м/с
2011-03-27,-1,756,В 4м/с,-1,755,В 4м/с
2011-03-28,-1,758,Ю 2м/с,-4,758,Ю 2м/с
2011-03-29,-3,760,ЮВ 2м/с,-4,760,ЮВ 2м/с
2011-03-30,-1,759,ЮВ 2м/с,-2,758,ЮВ 2м/с
2011-03-31,-2,754,ЮВ 1м/с,-2,752,ЮВ 1м/с
2011-03-32,+1,743,ЮЗ 3м/с,-1,740,ЮЗ 3м/с
2011-03-33,+1,730,ЮЗ 5м/с,-1,728,ЮЗ 5м/с
2011-03-34,-3,727,З 5м/с,-5,731,З 5м/с
2011-03-35,-2,741,З 5м/с,-6,741,З 5м/с
2011-03-36,-3,748,ЮЗ 5м/с,-7,752,ЮЗ 5м/с
2011-03-37,-2,758,З 2м/с,-7,758,З 2м/с
2011-03-38,-3,755,Ю 3м/с,-5,752,Ю 3м/с
2011-03-39,+2,750,ЮВ 1м/с,-1,751,ЮВ 1м/с
2011-03-40,+5,749,З 4м/с,-1,752,З 4м/с
2011-04-10,+1,758,СЗ 2м/с,-2,761,СЗ 2м/с
2011-04-11,+2,764,З 4м/с,-3,763,З 4м/с
2011-04-12,+3,763,З 3м/с,+2,764,З 3м/с
2011-04-13,+7,764,З 4м/с,+3,764,З 4м/с
2011-04-14,+8,761,ЮВ 2м/с,+4,760,ЮВ 2м/с
2011-04-15,+8,752,ЮВ 3м/с,+4,750,ЮВ 3м/с
2011-04-16,+8,741,ЮВ 3м/с,+5,737,ЮВ 3м/с
2011-04-17,+4,735,ЮВ 1м/с,+3,734,ЮВ 1м/с
2011-04-18,+4,734,Ю 2м/с,+2,732,Ю 2м/с
2011-04-19,+5,731,ЮЗ 4м/с,+3,732,ЮЗ 4м/с
2011-04-20,+7,741,ЮЗ 2м/с,+5,742,ЮЗ 2м/с
2011-04-21,+8,746,Ю 2м/с,+5,746,Ю 2м/с
2011-04-22,+7,746,С 2м/с,+4,743,С 2м/с
2011-04-23,+7,738,СЗ 3м/с,+4,739,СЗ 3м/с
2011-04-24,+5,743,З 2м/с,+5,747,З 2м/с
2011-04-25,+7,747,В 4м/с,+8,744,В 4м/с
2011-04-26,+8,746,З 3м/с,+4,746,З 3м/с
2011-04-27,+11,740,ЮЗ 4м/с,+8,737,ЮЗ 4м/с
2011-04-28,+5,737,З 2м/с,+3,738,З 2м/с
